niche_x,niche_y,embed_dim,depth,mlp_ratio,num_heads,num_params,flops,val_accuracy,val_f1,val_auroc,val_auprc,fitness_neg_auprc
0.8689669497932807,0.862934945531048,128,4,4,4,1955425,1342177792,0.7338334583645911,0.734590065828845,0.812214163188676,0.8194546218108719,-0.8194546218108719
