embed_dim,4.907008
depth,0.48128003
mlp_ratio,0.4391311
num_heads,0.16169338
