hospital,embed_dim,depth,mlp_ratio,num_heads,shap_embed_dim,shap_depth,shap_mlp_ratio,shap_num_heads
MIMIC-IV,128,1,1,8,0.9864471,-0.57278174,0.032498736,-0.24210265
MIMIC-IV,32,4,1,8,-1.3791292,0.36669028,0.034945738,-0.31845298
MIMIC-IV,128,4,1,2,1.081736,0.55117816,0.045818243,0.27394626
MIMIC-IV,128,2,4,2,1.132517,0.11831516,-0.035685033,0.23905624
MIMIC-IV,32,2,8,1,-1.3617629,-0.1427209,-0.093411185,0.30287573
