embed_dim,4.554059
depth,1.1045371
mlp_ratio,0.4890236
num_heads,0.4589668
