hospital,embed_dim,depth,mlp_ratio,num_heads,shap_embed_dim,shap_depth,shap_mlp_ratio,shap_num_heads
MIMIC-IV,128,1,1,8,0.7954843,-0.29946747,-0.0002899838,-0.04653858
MIMIC-IV,32,4,1,8,-1.6293541,-0.30157587,-0.001477698,-0.117939204
MIMIC-IV,128,4,1,2,1.0612925,0.05683099,-0.0012070199,0.08105144
MIMIC-IV,128,2,4,2,0.90800005,0.2552145,-0.005009015,0.04223772
MIMIC-IV,32,2,8,1,-1.416575,0.30247813,0.005353252,0.057086993
