metric,pearson_r,p_value,n
accuracy,1.0,0.0,3
f1,1.0,0.0,3
auroc,0.999997082294336,0.0015378570418625094,3
auprc,0.99969465380273,0.015732669887850475,3
