arch_idx,embed_dim,depth,mlp_ratio,num_heads,num_params,flops,autoformer_accuracy,autoformer_f1,autoformer_auroc,autoformer_auprc,traditional_accuracy,traditional_f1,traditional_auroc,traditional_auprc
0,256,1,8,2,3545458,1342178304,0.9467401881284463,0.6884250474383302,0.9572210947808342,0.7805409444762279,0.9481673694453454,0.6795026073004412,0.9577070110881875,0.777581003445705
1,32,4,2,2,309490,620757120,0.9286409341550438,0.6151154653603919,0.911240617965482,0.6643628651612835,0.9294193966915342,0.4267650158061117,0.784177519015033,0.5271322529737811
2,32,4,4,8,326130,637534336,0.9343496594226403,0.6155015197568389,0.9391578926340287,0.7009530155834195,0.91268245215699,0.3797235023041475,0.8504518404287187,0.43900055124955445
