arch_idx,traditional_accuracy,traditional_f1,traditional_auroc,traditional_auprc
0,0.9410314628608498,0.6175851914177535,0.9429298047942537,0.7342481795720641
1,0.9272137528381447,0.5644409937888198,0.9071354006468041,0.6253538392631034
