metric,pearson_r,p_value,n
accuracy,1.0,0.0,3
f1,1.0,0.0,3
auroc,0.9982074788082721,0.03812344732869097,3
auprc,0.9935429620309206,0.07238452953179926,3
