hospital,embed_dim,depth,mlp_ratio,num_heads,shap_embed_dim,shap_depth,shap_mlp_ratio,shap_num_heads
MIMIC-IV,128,1,1,8,1.0061433,-0.6402364,0.030328766,-0.20509632
MIMIC-IV,32,4,1,8,-1.3833233,0.58789825,0.027817981,-0.29125616
MIMIC-IV,128,4,1,2,1.0911496,0.8156878,0.033844255,0.24900651
MIMIC-IV,128,2,4,2,1.1274966,-0.13527542,-0.006545955,0.20558406
MIMIC-IV,32,2,8,1,-1.3540535,-0.38687712,-0.0722247,0.2552157
