niche_x,niche_y,embed_dim,depth,mlp_ratio,num_heads,num_params,flops,val_accuracy,val_f1,val_auroc,val_auprc,fitness_neg_auprc
0.8689669497932807,0.862934945531048,128,8,1,4,1961073,1879048704,0.7809206877426511,0.015732888431283603,0.5573559443379641,0.26664184303681515,-0.26664184303681515
