task,n_hospitals,n_rows,mean_abs_shap_embed_dim,mean_abs_shap_depth,mean_abs_shap_mlp_ratio,mean_abs_shap_num_heads
death,1,5,1.1621412,0.2431134,0.0026673935,0.068970785
next_diag_12m_pheno,1,5,1.1924332,0.5131949,0.03415233,0.24123175
next_diag_6m_pheno,1,5,1.1883185,0.35033727,0.048471786,0.27528676
readmission,1,5,0.49147773,0.20400648,0.07232578,0.01757129
stay,1,5,0.23599656,0.51496047,0.5563738,0.18454202
