embed_dim,4.551055
num_heads,0.6424336
depth,0.45303002
mlp_ratio,0.34126726
