hospital,embed_dim,depth,mlp_ratio,num_heads,shap_embed_dim,shap_depth,shap_mlp_ratio,shap_num_heads
MIMIC-IV,128,1,1,8,0.3051793,0.95632994,0.38783014,0.18103677
MIMIC-IV,32,4,1,8,-0.21016872,-0.5088395,0.32983845,0.21945406
MIMIC-IV,128,4,1,2,0.1291452,-0.6933981,0.3334937,-0.18767263
MIMIC-IV,128,2,4,2,0.26773643,0.33026293,0.4047873,-0.17357232
MIMIC-IV,32,2,8,1,-0.26775315,0.085972056,-1.3259193,-0.1609743
