mlp_ratio,0.967642
embed_dim,0.8095466
num_heads,0.7164557
depth,0.50816387
