embed_dim,2.512034
depth,0.5736426
num_heads,0.43668184
mlp_ratio,0.40018043
