hospital,embed_dim,depth,mlp_ratio,num_heads,shap_embed_dim,shap_depth,shap_mlp_ratio,shap_num_heads
MIMIC-IV,128,1,1,8,0.55469805,0.43860617,0.050857395,0.018167071
MIMIC-IV,32,4,1,8,-0.39728114,-0.09908385,0.041257028,0.017389692
MIMIC-IV,128,4,1,2,0.37681568,-0.3359961,0.041169476,-0.01860189
MIMIC-IV,128,2,4,2,0.53101736,-0.0011549195,0.049725514,-0.01843145
MIMIC-IV,32,2,8,1,-0.5975764,-0.14519133,-0.17861949,-0.015266333
